location,date,total_cases,total_deaths,total_vaccinations
Cote d'Ivoire,11/03/2020,1,,
Cote d'Ivoire,12/03/2020,1,,
Cote d'Ivoire,13/03/2020,1,,
Cote d'Ivoire,14/03/2020,1,,
Cote d'Ivoire,15/03/2020,1,,
Cote d'Ivoire,16/03/2020,1,,
Cote d'Ivoire,17/03/2020,5,,
Cote d'Ivoire,18/03/2020,6,,
Cote d'Ivoire,19/03/2020,9,,
Cote d'Ivoire,20/03/2020,9,,
Cote d'Ivoire,21/03/2020,14,,
Cote d'Ivoire,22/03/2020,14,,
Cote d'Ivoire,23/03/2020,25,,
Cote d'Ivoire,24/03/2020,73,,
Cote d'Ivoire,25/03/2020,80,,
Cote d'Ivoire,26/03/2020,96,,
Cote d'Ivoire,27/03/2020,101,,
Cote d'Ivoire,28/03/2020,101,,
Cote d'Ivoire,29/03/2020,165,1.0,
Cote d'Ivoire,30/03/2020,168,1.0,
Cote d'Ivoire,31/03/2020,179,1.0,
Cote d'Ivoire,01/04/2020,190,1.0,
Cote d'Ivoire,02/04/2020,194,1.0,
Cote d'Ivoire,03/04/2020,218,1.0,
Cote d'Ivoire,04/04/2020,245,1.0,
Cote d'Ivoire,05/04/2020,261,3.0,
Cote d'Ivoire,06/04/2020,323,3.0,
Cote d'Ivoire,07/04/2020,349,3.0,
Cote d'Ivoire,08/04/2020,384,3.0,
Cote d'Ivoire,09/04/2020,444,3.0,
Cote d'Ivoire,10/04/2020,444,3.0,
Cote d'Ivoire,11/04/2020,533,4.0,
Cote d'Ivoire,12/04/2020,574,5.0,
Cote d'Ivoire,13/04/2020,626,6.0,
Cote d'Ivoire,14/04/2020,638,6.0,
Cote d'Ivoire,15/04/2020,638,6.0,
Cote d'Ivoire,16/04/2020,654,6.0,
Cote d'Ivoire,17/04/2020,688,6.0,
Cote d'Ivoire,18/04/2020,801,8.0,
Cote d'Ivoire,19/04/2020,847,9.0,
Cote d'Ivoire,20/04/2020,847,9.0,
Cote d'Ivoire,21/04/2020,916,13.0,
Cote d'Ivoire,22/04/2020,952,14.0,
Cote d'Ivoire,23/04/2020,1004,14.0,
Cote d'Ivoire,24/04/2020,1077,14.0,
Cote d'Ivoire,25/04/2020,1077,14.0,
Cote d'Ivoire,26/04/2020,1150,14.0,
Cote d'Ivoire,27/04/2020,1164,14.0,
Cote d'Ivoire,28/04/2020,1183,14.0,
Cote d'Ivoire,29/04/2020,1238,14.0,
Cote d'Ivoire,30/04/2020,1275,14.0,
Cote d'Ivoire,01/05/2020,1333,15.0,
Cote d'Ivoire,02/05/2020,1362,15.0,
Cote d'Ivoire,03/05/2020,1398,17.0,
Cote d'Ivoire,04/05/2020,1432,17.0,
Cote d'Ivoire,05/05/2020,1464,18.0,
Cote d'Ivoire,06/05/2020,1516,18.0,
Cote d'Ivoire,07/05/2020,1571,20.0,
Cote d'Ivoire,08/05/2020,1602,20.0,
Cote d'Ivoire,09/05/2020,1667,21.0,
Cote d'Ivoire,10/05/2020,1700,21.0,
Cote d'Ivoire,11/05/2020,1730,21.0,
Cote d'Ivoire,12/05/2020,1857,21.0,
Cote d'Ivoire,13/05/2020,1912,24.0,
Cote d'Ivoire,14/05/2020,1971,24.0,
Cote d'Ivoire,15/05/2020,2017,24.0,
Cote d'Ivoire,16/05/2020,2061,25.0,
Cote d'Ivoire,17/05/2020,2109,27.0,
Cote d'Ivoire,18/05/2020,2119,28.0,
Cote d'Ivoire,19/05/2020,2153,28.0,
Cote d'Ivoire,20/05/2020,2231,29.0,
Cote d'Ivoire,21/05/2020,2301,29.0,
Cote d'Ivoire,22/05/2020,2341,29.0,
Cote d'Ivoire,23/05/2020,2366,30.0,
Cote d'Ivoire,24/05/2020,2376,30.0,
Cote d'Ivoire,25/05/2020,2423,30.0,
Cote d'Ivoire,26/05/2020,2477,30.0,
Cote d'Ivoire,27/05/2020,2556,31.0,
Cote d'Ivoire,28/05/2020,2641,32.0,
Cote d'Ivoire,29/05/2020,2750,32.0,
Cote d'Ivoire,30/05/2020,2799,33.0,
Cote d'Ivoire,31/05/2020,2833,33.0,
Cote d'Ivoire,01/06/2020,2951,33.0,
Cote d'Ivoire,02/06/2020,3024,33.0,
Cote d'Ivoire,03/06/2020,3110,35.0,
Cote d'Ivoire,04/06/2020,3262,35.0,
Cote d'Ivoire,05/06/2020,3431,36.0,
Cote d'Ivoire,06/06/2020,3557,36.0,
Cote d'Ivoire,07/06/2020,3739,36.0,
Cote d'Ivoire,08/06/2020,3881,38.0,
Cote d'Ivoire,09/06/2020,3995,38.0,
Cote d'Ivoire,10/06/2020,4181,41.0,
Cote d'Ivoire,11/06/2020,4404,41.0,
Cote d'Ivoire,12/06/2020,4684,45.0,
Cote d'Ivoire,13/06/2020,4848,45.0,
Cote d'Ivoire,14/06/2020,5084,45.0,
Cote d'Ivoire,15/06/2020,5439,46.0,
Cote d'Ivoire,16/06/2020,5679,46.0,
Cote d'Ivoire,17/06/2020,6063,48.0,
Cote d'Ivoire,18/06/2020,6444,49.0,
Cote d'Ivoire,19/06/2020,6874,49.0,
Cote d'Ivoire,20/06/2020,7276,52.0,
Cote d'Ivoire,21/06/2020,7492,54.0,
Cote d'Ivoire,22/06/2020,7677,56.0,
Cote d'Ivoire,23/06/2020,7904,58.0,
Cote d'Ivoire,24/06/2020,8164,58.0,
Cote d'Ivoire,25/06/2020,8334,60.0,
Cote d'Ivoire,26/06/2020,8739,64.0,
Cote d'Ivoire,27/06/2020,8944,66.0,
Cote d'Ivoire,28/06/2020,9101,66.0,
Cote d'Ivoire,29/06/2020,9214,66.0,
Cote d'Ivoire,30/06/2020,9499,68.0,
Cote d'Ivoire,01/07/2020,9702,68.0,
Cote d'Ivoire,02/07/2020,9992,68.0,
Cote d'Ivoire,03/07/2020,10244,70.0,
Cote d'Ivoire,04/07/2020,10462,72.0,
Cote d'Ivoire,05/07/2020,10772,74.0,
Cote d'Ivoire,06/07/2020,10966,75.0,
Cote d'Ivoire,07/07/2020,11194,76.0,
Cote d'Ivoire,08/07/2020,11504,78.0,
Cote d'Ivoire,09/07/2020,11750,79.0,
Cote d'Ivoire,10/07/2020,12052,81.0,
Cote d'Ivoire,11/07/2020,12443,82.0,
Cote d'Ivoire,12/07/2020,12766,84.0,
Cote d'Ivoire,13/07/2020,12872,84.0,
Cote d'Ivoire,14/07/2020,13037,87.0,
Cote d'Ivoire,15/07/2020,13403,87.0,
Cote d'Ivoire,16/07/2020,13554,87.0,
Cote d'Ivoire,17/07/2020,13696,87.0,
Cote d'Ivoire,18/07/2020,13912,91.0,
Cote d'Ivoire,19/07/2020,14119,92.0,
Cote d'Ivoire,20/07/2020,14312,92.0,
Cote d'Ivoire,21/07/2020,14531,93.0,
Cote d'Ivoire,22/07/2020,14733,93.0,
Cote d'Ivoire,23/07/2020,15001,93.0,
Cote d'Ivoire,24/07/2020,15253,94.0,
Cote d'Ivoire,25/07/2020,15494,94.0,
Cote d'Ivoire,26/07/2020,15596,96.0,
Cote d'Ivoire,27/07/2020,15655,96.0,
Cote d'Ivoire,28/07/2020,15713,98.0,
Cote d'Ivoire,29/07/2020,15813,99.0,
Cote d'Ivoire,30/07/2020,15978,100.0,
Cote d'Ivoire,31/07/2020,16047,102.0,
Cote d'Ivoire,01/08/2020,16109,102.0,
Cote d'Ivoire,02/08/2020,16182,102.0,
Cote d'Ivoire,03/08/2020,16220,102.0,
Cote d'Ivoire,04/08/2020,16293,103.0,
Cote d'Ivoire,05/08/2020,16349,103.0,
Cote d'Ivoire,06/08/2020,16447,103.0,
Cote d'Ivoire,07/08/2020,16524,104.0,
Cote d'Ivoire,08/08/2020,16620,104.0,
Cote d'Ivoire,09/08/2020,16715,105.0,
Cote d'Ivoire,10/08/2020,16798,105.0,
Cote d'Ivoire,11/08/2020,16847,105.0,
Cote d'Ivoire,12/08/2020,16847,105.0,
Cote d'Ivoire,13/08/2020,16889,107.0,
Cote d'Ivoire,14/08/2020,16935,108.0,
Cote d'Ivoire,15/08/2020,16993,108.0,
Cote d'Ivoire,16/08/2020,17026,110.0,
Cote d'Ivoire,17/08/2020,17107,110.0,
Cote d'Ivoire,18/08/2020,17150,110.0,
Cote d'Ivoire,19/08/2020,17232,111.0,
Cote d'Ivoire,20/08/2020,17249,112.0,
Cote d'Ivoire,21/08/2020,17310,112.0,
Cote d'Ivoire,22/08/2020,17374,113.0,
Cote d'Ivoire,23/08/2020,17471,113.0,
Cote d'Ivoire,24/08/2020,17506,114.0,
Cote d'Ivoire,25/08/2020,17562,114.0,
Cote d'Ivoire,26/08/2020,17603,114.0,
Cote d'Ivoire,27/08/2020,17702,115.0,
Cote d'Ivoire,28/08/2020,17797,115.0,
Cote d'Ivoire,29/08/2020,17893,115.0,
Cote d'Ivoire,30/08/2020,17948,115.0,
Cote d'Ivoire,31/08/2020,18067,117.0,
Cote d'Ivoire,01/09/2020,18103,117.0,
Cote d'Ivoire,02/09/2020,18161,117.0,
Cote d'Ivoire,03/09/2020,18208,119.0,
Cote d'Ivoire,04/09/2020,18269,119.0,
Cote d'Ivoire,05/09/2020,18472,119.0,
Cote d'Ivoire,06/09/2020,18588,119.0,
Cote d'Ivoire,07/09/2020,18701,119.0,
Cote d'Ivoire,08/09/2020,18778,119.0,
Cote d'Ivoire,09/09/2020,18815,119.0,
Cote d'Ivoire,10/09/2020,18869,119.0,
Cote d'Ivoire,11/09/2020,18916,119.0,
Cote d'Ivoire,12/09/2020,18916,119.0,
Cote d'Ivoire,13/09/2020,19013,120.0,
Cote d'Ivoire,14/09/2020,19066,120.0,
Cote d'Ivoire,15/09/2020,19100,120.0,
Cote d'Ivoire,16/09/2020,19132,120.0,
Cote d'Ivoire,17/09/2020,19158,120.0,
Cote d'Ivoire,18/09/2020,19200,120.0,
Cote d'Ivoire,19/09/2020,19269,120.0,
Cote d'Ivoire,20/09/2020,19320,120.0,
Cote d'Ivoire,21/09/2020,19327,120.0,
Cote d'Ivoire,22/09/2020,19343,120.0,
Cote d'Ivoire,23/09/2020,19430,120.0,
Cote d'Ivoire,24/09/2020,19501,120.0,
Cote d'Ivoire,25/09/2020,19556,120.0,
Cote d'Ivoire,26/09/2020,19600,120.0,
Cote d'Ivoire,27/09/2020,19629,120.0,
Cote d'Ivoire,28/09/2020,19641,120.0,
Cote d'Ivoire,29/09/2020,19669,120.0,
Cote d'Ivoire,30/09/2020,19724,120.0,
Cote d'Ivoire,01/10/2020,19755,120.0,
Cote d'Ivoire,02/10/2020,19793,120.0,
Cote d'Ivoire,03/10/2020,19849,120.0,
Cote d'Ivoire,04/10/2020,19882,120.0,
Cote d'Ivoire,05/10/2020,19885,120.0,
Cote d'Ivoire,06/10/2020,19903,120.0,
Cote d'Ivoire,07/10/2020,19935,120.0,
Cote d'Ivoire,08/10/2020,19982,120.0,
Cote d'Ivoire,09/10/2020,20036,120.0,
Cote d'Ivoire,10/10/2020,20128,120.0,
Cote d'Ivoire,11/10/2020,20154,120.0,
Cote d'Ivoire,12/10/2020,20155,120.0,
Cote d'Ivoire,13/10/2020,20183,120.0,
Cote d'Ivoire,14/10/2020,20217,120.0,
Cote d'Ivoire,15/10/2020,20257,120.0,
Cote d'Ivoire,16/10/2020,20275,121.0,
Cote d'Ivoire,17/10/2020,20301,121.0,
Cote d'Ivoire,18/10/2020,20323,121.0,
Cote d'Ivoire,19/10/2020,20324,121.0,
Cote d'Ivoire,20/10/2020,20342,121.0,
Cote d'Ivoire,21/10/2020,20363,121.0,
Cote d'Ivoire,22/10/2020,20390,121.0,
Cote d'Ivoire,23/10/2020,20405,121.0,
Cote d'Ivoire,24/10/2020,20429,121.0,
Cote d'Ivoire,25/10/2020,20470,122.0,
Cote d'Ivoire,26/10/2020,20486,122.0,
Cote d'Ivoire,27/10/2020,20488,122.0,
Cote d'Ivoire,28/10/2020,20555,124.0,
Cote d'Ivoire,29/10/2020,20628,124.0,
Cote d'Ivoire,30/10/2020,20692,124.0,
Cote d'Ivoire,31/10/2020,20716,126.0,
Cote d'Ivoire,01/11/2020,20716,126.0,
Cote d'Ivoire,02/11/2020,20753,126.0,
Cote d'Ivoire,03/11/2020,20765,126.0,
Cote d'Ivoire,04/11/2020,20778,126.0,
Cote d'Ivoire,05/11/2020,20789,126.0,
Cote d'Ivoire,06/11/2020,20801,126.0,
Cote d'Ivoire,07/11/2020,20813,126.0,
Cote d'Ivoire,08/11/2020,20832,126.0,
Cote d'Ivoire,09/11/2020,20835,126.0,
Cote d'Ivoire,10/11/2020,20847,126.0,
Cote d'Ivoire,11/11/2020,20855,127.0,
Cote d'Ivoire,12/11/2020,20882,127.0,
Cote d'Ivoire,13/11/2020,20899,127.0,
Cote d'Ivoire,14/11/2020,20945,127.0,
Cote d'Ivoire,15/11/2020,20976,128.0,
Cote d'Ivoire,16/11/2020,20988,128.0,
Cote d'Ivoire,17/11/2020,21004,129.0,
Cote d'Ivoire,18/11/2020,21045,129.0,
Cote d'Ivoire,19/11/2020,21083,129.0,
Cote d'Ivoire,20/11/2020,21099,129.0,
Cote d'Ivoire,21/11/2020,21126,129.0,
Cote d'Ivoire,22/11/2020,21138,131.0,
Cote d'Ivoire,23/11/2020,21148,131.0,
Cote d'Ivoire,24/11/2020,21156,131.0,
Cote d'Ivoire,25/11/2020,21168,131.0,
Cote d'Ivoire,26/11/2020,21199,131.0,
Cote d'Ivoire,27/11/2020,21232,131.0,
Cote d'Ivoire,28/11/2020,21261,131.0,
Cote d'Ivoire,29/11/2020,21310,131.0,
Cote d'Ivoire,30/11/2020,21331,132.0,
Cote d'Ivoire,01/12/2020,21334,132.0,
Cote d'Ivoire,02/12/2020,21361,132.0,
Cote d'Ivoire,03/12/2020,21389,132.0,
Cote d'Ivoire,04/12/2020,21412,132.0,
Cote d'Ivoire,05/12/2020,21441,132.0,
Cote d'Ivoire,06/12/2020,21485,132.0,
Cote d'Ivoire,07/12/2020,21507,132.0,
Cote d'Ivoire,08/12/2020,21513,132.0,
Cote d'Ivoire,09/12/2020,21547,133.0,
Cote d'Ivoire,10/12/2020,21590,133.0,
Cote d'Ivoire,11/12/2020,21618,133.0,
Cote d'Ivoire,12/12/2020,21639,133.0,
Cote d'Ivoire,13/12/2020,21680,133.0,
Cote d'Ivoire,14/12/2020,21705,133.0,
Cote d'Ivoire,15/12/2020,21775,133.0,
Cote d'Ivoire,16/12/2020,21741,133.0,
Cote d'Ivoire,17/12/2020,21772,133.0,
Cote d'Ivoire,18/12/2020,21845,133.0,
Cote d'Ivoire,19/12/2020,21890,133.0,
Cote d'Ivoire,20/12/2020,21918,133.0,
Cote d'Ivoire,21/12/2020,21932,133.0,
Cote d'Ivoire,22/12/2020,21942,133.0,
Cote d'Ivoire,23/12/2020,21984,133.0,
Cote d'Ivoire,24/12/2020,22071,133.0,
Cote d'Ivoire,25/12/2020,22081,133.0,
Cote d'Ivoire,26/12/2020,22081,133.0,
Cote d'Ivoire,27/12/2020,22152,135.0,
Cote d'Ivoire,28/12/2020,22176,137.0,
Cote d'Ivoire,29/12/2020,22250,137.0,
Cote d'Ivoire,30/12/2020,22366,137.0,
Cote d'Ivoire,31/12/2020,22490,137.0,
Cote d'Ivoire,01/01/2021,22563,138.0,
Cote d'Ivoire,02/01/2021,22563,138.0,
Cote d'Ivoire,03/01/2021,22648,138.0,
Cote d'Ivoire,04/01/2021,22800,138.0,
Cote d'Ivoire,05/01/2021,22855,138.0,
Cote d'Ivoire,06/01/2021,22963,138.0,
Cote d'Ivoire,07/01/2021,23173,138.0,
Cote d'Ivoire,08/01/2021,23254,139.0,
Cote d'Ivoire,09/01/2021,23482,139.0,
Cote d'Ivoire,10/01/2021,23750,139.0,
Cote d'Ivoire,11/01/2021,23894,139.0,
Cote d'Ivoire,12/01/2021,24186,140.0,
Cote d'Ivoire,13/01/2021,24369,140.0,
Cote d'Ivoire,14/01/2021,24578,140.0,
Cote d'Ivoire,15/01/2021,24856,141.0,
Cote d'Ivoire,16/01/2021,24856,141.0,
Cote d'Ivoire,17/01/2021,25241,141.0,
Cote d'Ivoire,18/01/2021,25304,142.0,
Cote d'Ivoire,19/01/2021,25383,142.0,
Cote d'Ivoire,20/01/2021,25597,142.0,
Cote d'Ivoire,21/01/2021,25751,142.0,
Cote d'Ivoire,22/01/2021,26315,143.0,
Cote d'Ivoire,23/01/2021,26612,145.0,
Cote d'Ivoire,24/01/2021,26850,146.0,
Cote d'Ivoire,25/01/2021,27096,146.0,
Cote d'Ivoire,26/01/2021,27237,147.0,
Cote d'Ivoire,27/01/2021,27455,151.0,
Cote d'Ivoire,28/01/2021,27694,151.0,
Cote d'Ivoire,29/01/2021,27934,152.0,
Cote d'Ivoire,30/01/2021,28178,152.0,
Cote d'Ivoire,31/01/2021,28399,154.0,
Cote d'Ivoire,01/02/2021,28475,156.0,
Cote d'Ivoire,02/02/2021,28607,158.0,
Cote d'Ivoire,03/02/2021,28739,158.0,
Cote d'Ivoire,04/02/2021,29102,158.0,
Cote d'Ivoire,05/02/2021,29295,160.0,
Cote d'Ivoire,06/02/2021,29567,162.0,
Cote d'Ivoire,07/02/2021,29825,162.0,
Cote d'Ivoire,08/02/2021,29967,165.0,
Cote d'Ivoire,09/02/2021,29967,165.0,
Cote d'Ivoire,10/02/2021,30240,169.0,
Cote d'Ivoire,11/02/2021,30526,171.0,
Cote d'Ivoire,12/02/2021,30717,173.0,
Cote d'Ivoire,13/02/2021,30884,173.0,
Cote d'Ivoire,14/02/2021,31140,174.0,
Cote d'Ivoire,15/02/2021,31235,175.0,
Cote d'Ivoire,16/02/2021,31365,179.0,
Cote d'Ivoire,17/02/2021,31497,180.0,
Cote d'Ivoire,18/02/2021,31612,183.0,
Cote d'Ivoire,19/02/2021,31825,185.0,
Cote d'Ivoire,20/02/2021,31914,185.0,
Cote d'Ivoire,21/02/2021,32026,186.0,
Cote d'Ivoire,22/02/2021,32039,188.0,
Cote d'Ivoire,23/02/2021,32124,188.0,
Cote d'Ivoire,24/02/2021,32295,188.0,
Cote d'Ivoire,25/02/2021,32295,188.0,
Cote d'Ivoire,26/02/2021,32478,190.0,
Cote d'Ivoire,27/02/2021,32631,192.0,
Cote d'Ivoire,28/02/2021,32754,192.0,
Cote d'Ivoire,01/03/2021,32791,193.0,0.0
Cote d'Ivoire,02/03/2021,32929,193.0,
Cote d'Ivoire,03/03/2021,33285,194.0,
Cote d'Ivoire,04/03/2021,33976,196.0,
Cote d'Ivoire,05/03/2021,34412,199.0,
Cote d'Ivoire,06/03/2021,34935,200.0,2058.0
Cote d'Ivoire,07/03/2021,35187,202.0,
Cote d'Ivoire,08/03/2021,35331,204.0,2924.0
Cote d'Ivoire,09/03/2021,35477,206.0,4363.0
Cote d'Ivoire,10/03/2021,36028,206.0,8802.0
Cote d'Ivoire,11/03/2021,36511,209.0,
Cote d'Ivoire,12/03/2021,36824,211.0,
Cote d'Ivoire,13/03/2021,37304,211.0,
Cote d'Ivoire,14/03/2021,37653,211.0,14937.0
Cote d'Ivoire,15/03/2021,37908,213.0,15181.0
Cote d'Ivoire,16/03/2021,38120,214.0,17448.0
Cote d'Ivoire,17/03/2021,38282,214.0,19113.0
Cote d'Ivoire,18/03/2021,38923,215.0,20766.0
Cote d'Ivoire,19/03/2021,39434,216.0,22443.0
Cote d'Ivoire,20/03/2021,39913,217.0,24171.0
Cote d'Ivoire,21/03/2021,40310,220.0,24639.0
Cote d'Ivoire,22/03/2021,40601,222.0,24728.0
Cote d'Ivoire,23/03/2021,40868,222.0,26079.0
Cote d'Ivoire,24/03/2021,41307,224.0,27886.0
Cote d'Ivoire,25/03/2021,42074,229.0,29535.0
Cote d'Ivoire,26/03/2021,42468,229.0,31104.0
Cote d'Ivoire,27/03/2021,42861,232.0,33395.0
Cote d'Ivoire,28/03/2021,43180,237.0,
Cote d'Ivoire,29/03/2021,43422,239.0,34388.0
Cote d'Ivoire,30/03/2021,43542,242.0,37367.0
Cote d'Ivoire,31/03/2021,43889,244.0,40153.0
Cote d'Ivoire,01/04/2021,43889,244.0,42725.0
Cote d'Ivoire,02/04/2021,44445,250.0,45247.0
Cote d'Ivoire,03/04/2021,44618,252.0,47968.0
Cote d'Ivoire,04/04/2021,44749,255.0,49642.0
Cote d'Ivoire,05/04/2021,44841,256.0,
Cote d'Ivoire,06/04/2021,44854,256.0,49948.0
Cote d'Ivoire,07/04/2021,44880,257.0,
Cote d'Ivoire,08/04/2021,44975,258.0,53071.0
Cote d'Ivoire,09/04/2021,45089,260.0,60823.0
Cote d'Ivoire,10/04/2021,45089,260.0,66496.0
Cote d'Ivoire,11/04/2021,45206,263.0,68843.0
Cote d'Ivoire,12/04/2021,45227,268.0,
Cote d'Ivoire,13/04/2021,45265,269.0,
Cote d'Ivoire,14/04/2021,45388,271.0,83425.0
Cote d'Ivoire,15/04/2021,45444,273.0,87267.0
Cote d'Ivoire,16/04/2021,45474,274.0,91901.0
Cote d'Ivoire,17/04/2021,45519,274.0,93540.0
Cote d'Ivoire,18/04/2021,45560,274.0,94818.0
Cote d'Ivoire,19/04/2021,45570,274.0,
Cote d'Ivoire,20/04/2021,45614,275.0,
Cote d'Ivoire,21/04/2021,45697,277.0,105110.0
Cote d'Ivoire,22/04/2021,45715,277.0,109077.0
Cote d'Ivoire,23/04/2021,45765,279.0,113224.0
Cote d'Ivoire,24/04/2021,45820,281.0,117227.0
Cote d'Ivoire,25/04/2021,45852,282.0,118875.0
Cote d'Ivoire,26/04/2021,45863,283.0,119663.0
Cote d'Ivoire,27/04/2021,45885,285.0,125958.0
Cote d'Ivoire,28/04/2021,45943,286.0,132434.0
Cote d'Ivoire,29/04/2021,45998,286.0,140270.0
Cote d'Ivoire,30/04/2021,46036,286.0,149037.0
Cote d'Ivoire,01/05/2021,46114,286.0,158981.0
Cote d'Ivoire,02/05/2021,46114,286.0,163176.0
Cote d'Ivoire,03/05/2021,46154,287.0,168419.0
Cote d'Ivoire,04/05/2021,46173,291.0,183301.0
Cote d'Ivoire,05/05/2021,46231,291.0,197492.0
Cote d'Ivoire,06/05/2021,46315,291.0,215010.0
Cote d'Ivoire,07/05/2021,46344,291.0,235747.0
Cote d'Ivoire,08/05/2021,46385,291.0,252317.0
Cote d'Ivoire,09/05/2021,46442,291.0,262639.0
Cote d'Ivoire,10/05/2021,46443,291.0,267032.0
Cote d'Ivoire,11/05/2021,46484,292.0,280799.0
Cote d'Ivoire,12/05/2021,46516,292.0,292537.0
Cote d'Ivoire,13/05/2021,46520,294.0,295309.0
Cote d'Ivoire,14/05/2021,46535,295.0,301497.0
Cote d'Ivoire,15/05/2021,46535,295.0,321020.0
Cote d'Ivoire,16/05/2021,46656,298.0,333793.0
Cote d'Ivoire,17/05/2021,46661,298.0,340049.0
Cote d'Ivoire,18/05/2021,46708,298.0,366285.0
Cote d'Ivoire,19/05/2021,46777,298.0,391085.0
Cote d'Ivoire,20/05/2021,46834,298.0,418455.0
Cote d'Ivoire,21/05/2021,46874,298.0,447449.0
Cote d'Ivoire,22/05/2021,46942,298.0,473098.0
Cote d'Ivoire,23/05/2021,46942,298.0,486231.0
Cote d'Ivoire,24/05/2021,47033,298.0,491146.0
Cote d'Ivoire,25/05/2021,47036,298.0,496319.0
Cote d'Ivoire,26/05/2021,47085,301.0,
Cote d'Ivoire,27/05/2021,47146,301.0,528084.0
Cote d'Ivoire,28/05/2021,47195,301.0,535748.0
Cote d'Ivoire,29/05/2021,47233,303.0,540245.0
Cote d'Ivoire,30/05/2021,47233,303.0,
Cote d'Ivoire,31/05/2021,47292,305.0,541449.0
Cote d'Ivoire,01/06/2021,47319,306.0,543663.0
Cote d'Ivoire,02/06/2021,47356,306.0,555472.0
Cote d'Ivoire,03/06/2021,47389,306.0,567488.0
Cote d'Ivoire,04/06/2021,47435,306.0,
Cote d'Ivoire,05/06/2021,47476,306.0,593683.0
Cote d'Ivoire,06/06/2021,47490,306.0,602540.0
Cote d'Ivoire,07/06/2021,47493,306.0,606907.0
Cote d'Ivoire,08/06/2021,47511,306.0,625780.0
Cote d'Ivoire,09/06/2021,47547,306.0,644253.0
Cote d'Ivoire,10/06/2021,47605,306.0,662848.0
Cote d'Ivoire,11/06/2021,47638,306.0,675294.0
Cote d'Ivoire,12/06/2021,47662,306.0,686626.0
Cote d'Ivoire,13/06/2021,47662,306.0,692523.0
Cote d'Ivoire,14/06/2021,47760,306.0,694950.0
Cote d'Ivoire,15/06/2021,47909,306.0,705051.0
Cote d'Ivoire,16/06/2021,47933,306.0,712777.0
Cote d'Ivoire,17/06/2021,47973,306.0,718197.0
Cote d'Ivoire,18/06/2021,47973,306.0,722073.0
Cote d'Ivoire,19/06/2021,48031,307.0,724592.0
Cote d'Ivoire,20/06/2021,48044,308.0,725916.0
Cote d'Ivoire,21/06/2021,48047,308.0,733375.0
Cote d'Ivoire,22/06/2021,48058,309.0,735677.0
Cote d'Ivoire,23/06/2021,48058,309.0,737314.0
Cote d'Ivoire,24/06/2021,48058,309.0,738763.0
Cote d'Ivoire,25/06/2021,48058,309.0,740391.0
Cote d'Ivoire,26/06/2021,48176,311.0,
Cote d'Ivoire,27/06/2021,48192,312.0,
Cote d'Ivoire,28/06/2021,48203,313.0,745327.0
Cote d'Ivoire,29/06/2021,48242,313.0,749368.0
Cote d'Ivoire,30/06/2021,48305,313.0,757113.0
Cote d'Ivoire,01/07/2021,48378,315.0,768039.0
Cote d'Ivoire,02/07/2021,48378,315.0,780623.0
Cote d'Ivoire,03/07/2021,48513,315.0,791306.0
Cote d'Ivoire,04/07/2021,48564,315.0,797907.0
Cote d'Ivoire,05/07/2021,48580,315.0,801089.0
Cote d'Ivoire,06/07/2021,48634,315.0,814945.0
Cote d'Ivoire,07/07/2021,48693,316.0,825286.0
Cote d'Ivoire,08/07/2021,48739,317.0,835163.0
Cote d'Ivoire,09/07/2021,48776,318.0,850857.0
Cote d'Ivoire,10/07/2021,48776,318.0,
Cote d'Ivoire,11/07/2021,48776,318.0,
Cote d'Ivoire,12/07/2021,48869,319.0,857406.0
Cote d'Ivoire,13/07/2021,48903,319.0,861278.0
Cote d'Ivoire,14/07/2021,48959,319.0,866611.0
Cote d'Ivoire,15/07/2021,48999,319.0,874736.0
Cote d'Ivoire,16/07/2021,49069,320.0,883862.0
Cote d'Ivoire,17/07/2021,49125,320.0,891966.0
Cote d'Ivoire,18/07/2021,49196,320.0,896350.0
Cote d'Ivoire,19/07/2021,49219,322.0,898247.0
Cote d'Ivoire,20/07/2021,49288,322.0,905475.0
Cote d'Ivoire,21/07/2021,49288,322.0,906089.0
Cote d'Ivoire,22/07/2021,49386,324.0,
Cote d'Ivoire,23/07/2021,49473,324.0,918433.0
Cote d'Ivoire,24/07/2021,49554,324.0,925083.0
Cote d'Ivoire,25/07/2021,49592,324.0,933816.0
Cote d'Ivoire,26/07/2021,49647,324.0,935111.0
Cote d'Ivoire,27/07/2021,49699,326.0,943437.0
Cote d'Ivoire,28/07/2021,49775,326.0,959349.0
Cote d'Ivoire,29/07/2021,49911,326.0,975086.0
Cote d'Ivoire,30/07/2021,50004,328.0,990305.0
Cote d'Ivoire,31/07/2021,50135,329.0,1008244.0
Cote d'Ivoire,01/08/2021,50278,330.0,1019898.0
Cote d'Ivoire,02/08/2021,50341,332.0,1023548.0
Cote d'Ivoire,03/08/2021,50499,332.0,1067141.0
Cote d'Ivoire,04/08/2021,50650,334.0,1098505.0
Cote d'Ivoire,05/08/2021,50893,338.0,1117143.0
Cote d'Ivoire,06/08/2021,51028,338.0,1120944.0
Cote d'Ivoire,07/08/2021,51198,341.0,1138231.0
Cote d'Ivoire,08/08/2021,51380,341.0,1143268.0
Cote d'Ivoire,09/08/2021,51399,341.0,1147868.0
Cote d'Ivoire,10/08/2021,51548,347.0,1165391.0
Cote d'Ivoire,11/08/2021,51732,347.0,1181287.0
Cote d'Ivoire,12/08/2021,51926,354.0,1194760.0
Cote d'Ivoire,13/08/2021,52136,358.0,1206541.0
Cote d'Ivoire,14/08/2021,52202,359.0,1215526.0
Cote d'Ivoire,15/08/2021,52202,359.0,
Cote d'Ivoire,16/08/2021,52423,363.0,1227516.0
Cote d'Ivoire,17/08/2021,52583,365.0,1246309.0
Cote d'Ivoire,18/08/2021,52836,369.0,
Cote d'Ivoire,19/08/2021,52936,373.0,1253326.0
Cote d'Ivoire,20/08/2021,53247,380.0,1264058.0
Cote d'Ivoire,21/08/2021,53456,389.0,1268988.0
Cote d'Ivoire,22/08/2021,53645,395.0,1274083.0
Cote d'Ivoire,23/08/2021,53730,397.0,1275868.0
Cote d'Ivoire,24/08/2021,53787,402.0,1287881.0
Cote d'Ivoire,25/08/2021,54038,413.0,1293296.0
Cote d'Ivoire,26/08/2021,54299,415.0,1297822.0
Cote d'Ivoire,27/08/2021,54566,416.0,1301985.0
Cote d'Ivoire,28/08/2021,54856,424.0,1310778.0
Cote d'Ivoire,29/08/2021,55108,430.0,
Cote d'Ivoire,30/08/2021,55518,436.0,1327485.0
Cote d'Ivoire,31/08/2021,55669,441.0,1353553.0
Cote d'Ivoire,01/09/2021,56148,445.0,1370123.0
Cote d'Ivoire,02/09/2021,56521,451.0,
Cote d'Ivoire,03/09/2021,56608,455.0,1404020.0
Cote d'Ivoire,04/09/2021,56735,464.0,1421566.0
Cote d'Ivoire,05/09/2021,56855,467.0,1434173.0
Cote d'Ivoire,06/09/2021,57056,477.0,1443607.0
Cote d'Ivoire,07/09/2021,57159,483.0,1459525.0
Cote d'Ivoire,08/09/2021,57293,488.0,
Cote d'Ivoire,09/09/2021,57424,492.0,
Cote d'Ivoire,10/09/2021,57598,495.0,1467277.0
Cote d'Ivoire,11/09/2021,57784,506.0,
Cote d'Ivoire,12/09/2021,58009,515.0,1542157.0
Cote d'Ivoire,13/09/2021,58148,520.0,1548584.0
Cote d'Ivoire,14/09/2021,58226,534.0,1572866.0
Cote d'Ivoire,15/09/2021,58341,540.0,1620480.0
Cote d'Ivoire,16/09/2021,58531,546.0,1664954.0
Cote d'Ivoire,17/09/2021,58743,553.0,1698973.0
Cote d'Ivoire,18/09/2021,58889,561.0,1735898.0
Cote d'Ivoire,19/09/2021,59020,566.0,1761075.0
Cote d'Ivoire,20/09/2021,59153,569.0,1775036.0
Cote d'Ivoire,21/09/2021,59239,574.0,
Cote d'Ivoire,22/09/2021,59408,583.0,1836904.0
Cote d'Ivoire,23/09/2021,59558,586.0,1868955.0
Cote d'Ivoire,24/09/2021,59656,589.0,1903064.0
Cote d'Ivoire,25/09/2021,59778,593.0,1943925.0
Cote d'Ivoire,26/09/2021,59879,600.0,1968171.0
Cote d'Ivoire,27/09/2021,59977,607.0,1982168.0
Cote d'Ivoire,28/09/2021,60020,611.0,
Cote d'Ivoire,29/09/2021,60138,621.0,2082137.0
Cote d'Ivoire,30/09/2021,60253,624.0,2137947.0
Cote d'Ivoire,01/10/2021,60335,631.0,2200971.0
Cote d'Ivoire,02/10/2021,60376,636.0,2238044.0
Cote d'Ivoire,03/10/2021,60424,640.0,2270565.0
Cote d'Ivoire,04/10/2021,60424,640.0,2294393.0
Cote d'Ivoire,05/10/2021,60481,652.0,2334426.0
Cote d'Ivoire,06/10/2021,60573,653.0,2490820.0
Cote d'Ivoire,07/10/2021,60641,654.0,
Cote d'Ivoire,08/10/2021,60691,657.0,
Cote d'Ivoire,09/10/2021,60785,659.0,
Cote d'Ivoire,10/10/2021,60819,666.0,
Cote d'Ivoire,11/10/2021,60829,669.0,2578266.0
Cote d'Ivoire,12/10/2021,60878,672.0,
Cote d'Ivoire,13/10/2021,60878,672.0,
Cote d'Ivoire,14/10/2021,60942,673.0,
Cote d'Ivoire,15/10/2021,60982,674.0,2762147.0
Cote d'Ivoire,16/10/2021,60982,674.0,
Cote d'Ivoire,17/10/2021,61038,682.0,
Cote d'Ivoire,18/10/2021,61072,685.0,
Cote d'Ivoire,19/10/2021,61089,685.0,2892373.0
Cote d'Ivoire,20/10/2021,61113,689.0,
Cote d'Ivoire,21/10/2021,61139,689.0,
Cote d'Ivoire,22/10/2021,61152,689.0,3005741.0
Cote d'Ivoire,23/10/2021,61178,690.0,
Cote d'Ivoire,24/10/2021,61178,690.0,3046263.0
Cote d'Ivoire,25/10/2021,61208,690.0,
Cote d'Ivoire,26/10/2021,61221,691.0,
Cote d'Ivoire,27/10/2021,61252,691.0,
Cote d'Ivoire,28/10/2021,61267,691.0,3144043.0
Cote d'Ivoire,29/10/2021,61271,692.0,
Cote d'Ivoire,30/10/2021,61292,695.0,
Cote d'Ivoire,31/10/2021,61297,695.0,3232947.0
Cote d'Ivoire,01/11/2021,61311,696.0,
Cote d'Ivoire,02/11/2021,61319,696.0,
Cote d'Ivoire,03/11/2021,61330,696.0,
Cote d'Ivoire,04/11/2021,61370,696.0,3376376.0
Cote d'Ivoire,05/11/2021,61387,698.0,
Cote d'Ivoire,06/11/2021,61404,699.0,
Cote d'Ivoire,07/11/2021,61421,699.0,
Cote d'Ivoire,08/11/2021,61426,699.0,
Cote d'Ivoire,09/11/2021,61442,700.0,3541785.0
Cote d'Ivoire,10/11/2021,61458,700.0,
Cote d'Ivoire,11/11/2021,61486,700.0,
Cote d'Ivoire,12/11/2021,61486,700.0,
Cote d'Ivoire,13/11/2021,61503,702.0,
Cote d'Ivoire,14/11/2021,61511,702.0,3845788.0
Cote d'Ivoire,15/11/2021,61511,702.0,
Cote d'Ivoire,16/11/2021,61523,702.0,
Cote d'Ivoire,17/11/2021,61536,702.0,
Cote d'Ivoire,18/11/2021,61553,702.0,
Cote d'Ivoire,19/11/2021,61568,702.0,
Cote d'Ivoire,20/11/2021,61577,702.0,
Cote d'Ivoire,21/11/2021,61591,702.0,
Cote d'Ivoire,22/11/2021,61591,703.0,
Cote d'Ivoire,23/11/2021,61652,703.0,
Cote d'Ivoire,24/11/2021,61660,703.0,
Cote d'Ivoire,25/11/2021,61665,704.0,
Cote d'Ivoire,26/11/2021,61686,704.0,
Cote d'Ivoire,27/11/2021,61704,704.0,
Cote d'Ivoire,28/11/2021,61708,704.0,
Cote d'Ivoire,29/11/2021,61712,704.0,
Cote d'Ivoire,30/11/2021,61724,704.0,
Cote d'Ivoire,01/12/2021,61758,704.0,
Cote d'Ivoire,02/12/2021,61775,705.0,
Cote d'Ivoire,03/12/2021,61794,705.0,
Cote d'Ivoire,04/12/2021,61817,705.0,
Cote d'Ivoire,05/12/2021,61824,706.0,4528780.0
Cote d'Ivoire,06/12/2021,61826,706.0,
Cote d'Ivoire,07/12/2021,61844,706.0,
Cote d'Ivoire,08/12/2021,61857,706.0,
Cote d'Ivoire,09/12/2021,61863,706.0,
Cote d'Ivoire,10/12/2021,61882,706.0,
Cote d'Ivoire,11/12/2021,61896,706.0,
Cote d'Ivoire,12/12/2021,61905,706.0,4812235.0
Cote d'Ivoire,13/12/2021,61905,706.0,
Cote d'Ivoire,14/12/2021,61907,706.0,
Cote d'Ivoire,15/12/2021,61943,706.0,
Cote d'Ivoire,16/12/2021,61998,706.0,
Cote d'Ivoire,17/12/2021,62032,706.0,
Cote d'Ivoire,18/12/2021,62077,706.0,
Cote d'Ivoire,19/12/2021,62077,706.0,
Cote d'Ivoire,20/12/2021,62166,706.0,
Cote d'Ivoire,21/12/2021,62336,706.0,
Cote d'Ivoire,22/12/2021,62583,706.0,
Cote d'Ivoire,23/12/2021,62960,707.0,
Cote d'Ivoire,24/12/2021,63392,707.0,
Cote d'Ivoire,25/12/2021,63847,707.0,
Cote d'Ivoire,26/12/2021,63847,707.0,
Cote d'Ivoire,27/12/2021,64527,707.0,
Cote d'Ivoire,28/12/2021,65066,707.0,
Cote d'Ivoire,29/12/2021,66568,708.0,
Cote d'Ivoire,30/12/2021,68146,712.0,
Cote d'Ivoire,31/12/2021,71004,714.0,7113233.0
Cote d'Ivoire,01/01/2022,71815,718.0,7220501.0
Cote d'Ivoire,02/01/2022,72352,720.0,
Cote d'Ivoire,03/01/2022,72352,720.0,7243628.0
Cote d'Ivoire,04/01/2022,73786,723.0,7266800.0
Cote d'Ivoire,05/01/2022,75064,727.0,7290279.0
Cote d'Ivoire,06/01/2022,75715,730.0,7314146.0
Cote d'Ivoire,07/01/2022,76321,732.0,7339282.0
Cote d'Ivoire,08/01/2022,76732,733.0,7359678.0
Cote d'Ivoire,09/01/2022,77449,735.0,
Cote d'Ivoire,10/01/2022,77677,738.0,
Cote d'Ivoire,11/01/2022,77857,742.0,
Cote d'Ivoire,12/01/2022,78258,745.0,
Cote d'Ivoire,13/01/2022,78495,747.0,
Cote d'Ivoire,14/01/2022,78699,748.0,7450983.0
Cote d'Ivoire,15/01/2022,79088,753.0,
Cote d'Ivoire,16/01/2022,79088,753.0,
Cote d'Ivoire,17/01/2022,79273,761.0,
Cote d'Ivoire,18/01/2022,79435,763.0,7482020.0
Cote d'Ivoire,19/01/2022,79558,764.0,
Cote d'Ivoire,20/01/2022,79558,764.0,
Cote d'Ivoire,21/01/2022,79814,771.0,
Cote d'Ivoire,22/01/2022,80114,778.0,
Cote d'Ivoire,23/01/2022,80176,779.0,
Cote d'Ivoire,24/01/2022,80249,779.0,
Cote d'Ivoire,25/01/2022,80363,782.0,
Cote d'Ivoire,26/01/2022,80396,782.0,
Cote d'Ivoire,27/01/2022,80487,782.0,7591109.0
Cote d'Ivoire,28/01/2022,80566,782.0,
Cote d'Ivoire,29/01/2022,80623,784.0,
Cote d'Ivoire,30/01/2022,80695,785.0,
Cote d'Ivoire,31/01/2022,80718,785.0,
Cote d'Ivoire,01/02/2022,80783,785.0,
Cote d'Ivoire,02/02/2022,80783,785.0,
Cote d'Ivoire,03/02/2022,80783,785.0,
Cote d'Ivoire,04/02/2022,80821,786.0,
Cote d'Ivoire,05/02/2022,80901,786.0,
Cote d'Ivoire,06/02/2022,80920,786.0,
Cote d'Ivoire,07/02/2022,80938,787.0,
Cote d'Ivoire,08/02/2022,80976,787.0,
Cote d'Ivoire,09/02/2022,81005,787.0,
Cote d'Ivoire,10/02/2022,81040,789.0,
Cote d'Ivoire,11/02/2022,81109,789.0,8574775.0
Cote d'Ivoire,12/02/2022,81118,789.0,
Cote d'Ivoire,13/02/2022,81118,789.0,
Cote d'Ivoire,14/02/2022,81213,791.0,
Cote d'Ivoire,15/02/2022,81237,791.0,
Cote d'Ivoire,16/02/2022,81253,791.0,
Cote d'Ivoire,17/02/2022,81282,791.0,
Cote d'Ivoire,18/02/2022,81322,791.0,
Cote d'Ivoire,19/02/2022,81346,791.0,
Cote d'Ivoire,20/02/2022,81367,791.0,9558981.0
Cote d'Ivoire,21/02/2022,81374,791.0,
Cote d'Ivoire,22/02/2022,81397,791.0,
Cote d'Ivoire,23/02/2022,81410,791.0,
Cote d'Ivoire,24/02/2022,81410,791.0,
Cote d'Ivoire,25/02/2022,81449,792.0,
Cote d'Ivoire,26/02/2022,81467,792.0,
Cote d'Ivoire,27/02/2022,81467,792.0,
Cote d'Ivoire,28/02/2022,81483,793.0,
Cote d'Ivoire,01/03/2022,81483,793.0,
Cote d'Ivoire,02/03/2022,81518,794.0,
Cote d'Ivoire,03/03/2022,81523,794.0,
Cote d'Ivoire,04/03/2022,81534,795.0,
Cote d'Ivoire,05/03/2022,81546,795.0,9970869.0
Cote d'Ivoire,06/03/2022,81556,795.0,
Cote d'Ivoire,07/03/2022,81556,795.0,
Cote d'Ivoire,08/03/2022,81559,795.0,10108543.0
Cote d'Ivoire,09/03/2022,81571,795.0,
Cote d'Ivoire,10/03/2022,81571,795.0,
Cote d'Ivoire,11/03/2022,81577,795.0,
Cote d'Ivoire,12/03/2022,81594,796.0,
Cote d'Ivoire,13/03/2022,81597,796.0,
Cote d'Ivoire,14/03/2022,81598,796.0,10154915.0
Cote d'Ivoire,15/03/2022,81616,796.0,
Cote d'Ivoire,16/03/2022,81626,796.0,
Cote d'Ivoire,17/03/2022,81637,796.0,
Cote d'Ivoire,18/03/2022,81643,796.0,
Cote d'Ivoire,19/03/2022,81655,796.0,
Cote d'Ivoire,20/03/2022,81655,796.0,
Cote d'Ivoire,21/03/2022,81667,796.0,
Cote d'Ivoire,22/03/2022,81671,796.0,
Cote d'Ivoire,23/03/2022,81675,796.0,
Cote d'Ivoire,24/03/2022,81680,796.0,
Cote d'Ivoire,25/03/2022,81690,796.0,
Cote d'Ivoire,26/03/2022,81697,796.0,
Cote d'Ivoire,27/03/2022,81697,796.0,10364488.0
Cote d'Ivoire,28/03/2022,81714,796.0,
Cote d'Ivoire,29/03/2022,81719,796.0,
Cote d'Ivoire,30/03/2022,81722,796.0,
Cote d'Ivoire,31/03/2022,81741,796.0,
Cote d'Ivoire,01/04/2022,81741,796.0,
Cote d'Ivoire,02/04/2022,81761,796.0,
Cote d'Ivoire,03/04/2022,81761,796.0,
Cote d'Ivoire,04/04/2022,81771,796.0,
Cote d'Ivoire,05/04/2022,81780,796.0,
Cote d'Ivoire,06/04/2022,81780,796.0,
Cote d'Ivoire,07/04/2022,81800,796.0,
Cote d'Ivoire,08/04/2022,81803,796.0,
Cote d'Ivoire,09/04/2022,81814,796.0,
Cote d'Ivoire,10/04/2022,81828,796.0,11872480.0
Cote d'Ivoire,11/04/2022,81829,797.0,
Cote d'Ivoire,12/04/2022,81834,797.0,
Cote d'Ivoire,13/04/2022,81838,797.0,
Cote d'Ivoire,14/04/2022,81842,797.0,
Cote d'Ivoire,15/04/2022,81849,797.0,
Cote d'Ivoire,16/04/2022,81857,797.0,
Cote d'Ivoire,17/04/2022,81857,797.0,
Cote d'Ivoire,18/04/2022,81861,797.0,
Cote d'Ivoire,19/04/2022,81861,797.0,
Cote d'Ivoire,20/04/2022,81870,799.0,
Cote d'Ivoire,21/04/2022,81875,799.0,
Cote d'Ivoire,22/04/2022,81881,799.0,
Cote d'Ivoire,23/04/2022,81887,799.0,
Cote d'Ivoire,24/04/2022,81887,799.0,
Cote d'Ivoire,25/04/2022,81898,799.0,
Cote d'Ivoire,26/04/2022,81909,799.0,11982186.0
Cote d'Ivoire,27/04/2022,81913,799.0,
Cote d'Ivoire,28/04/2022,81920,799.0,
Cote d'Ivoire,29/04/2022,81930,799.0,
Cote d'Ivoire,30/04/2022,81930,799.0,
Cote d'Ivoire,01/05/2022,81957,799.0,
Cote d'Ivoire,02/05/2022,81957,799.0,
Cote d'Ivoire,03/05/2022,81959,799.0,
Cote d'Ivoire,04/05/2022,81967,799.0,
Cote d'Ivoire,05/05/2022,81968,799.0,
Cote d'Ivoire,06/05/2022,81970,799.0,
Cote d'Ivoire,07/05/2022,81970,799.0,
Cote d'Ivoire,08/05/2022,81974,799.0,
Cote d'Ivoire,09/05/2022,81974,799.0,
Cote d'Ivoire,10/05/2022,81977,799.0,
Cote d'Ivoire,11/05/2022,81977,799.0,
Cote d'Ivoire,12/05/2022,81985,799.0,
Cote d'Ivoire,13/05/2022,81989,799.0,
Cote d'Ivoire,14/05/2022,81989,799.0,
Cote d'Ivoire,15/05/2022,82001,799.0,
Cote d'Ivoire,16/05/2022,82008,799.0,
Cote d'Ivoire,17/05/2022,82008,799.0,
Cote d'Ivoire,18/05/2022,82020,799.0,
Cote d'Ivoire,19/05/2022,82034,799.0,
Cote d'Ivoire,20/05/2022,82044,799.0,
Cote d'Ivoire,21/05/2022,82044,799.0,
Cote d'Ivoire,22/05/2022,82044,799.0,12387947.0
Cote d'Ivoire,23/05/2022,82070,799.0,
Cote d'Ivoire,24/05/2022,82088,799.0,
Cote d'Ivoire,25/05/2022,82116,799.0,
Cote d'Ivoire,26/05/2022,82141,799.0,
Cote d'Ivoire,27/05/2022,82155,799.0,
Cote d'Ivoire,28/05/2022,82183,799.0,
Cote d'Ivoire,29/05/2022,82193,799.0,12753769.0
Cote d'Ivoire,30/05/2022,82194,799.0,
Cote d'Ivoire,31/05/2022,82215,799.0,
Cote d'Ivoire,01/06/2022,82226,799.0,
Cote d'Ivoire,02/06/2022,82226,799.0,
Cote d'Ivoire,03/06/2022,82242,799.0,
Cote d'Ivoire,04/06/2022,82280,799.0,
Cote d'Ivoire,05/06/2022,82305,799.0,12753769.0
Cote d'Ivoire,06/06/2022,82309,799.0,
Cote d'Ivoire,07/06/2022,82309,799.0,
Cote d'Ivoire,08/06/2022,82347,799.0,
Cote d'Ivoire,09/06/2022,82364,799.0,
Cote d'Ivoire,10/06/2022,82393,799.0,
Cote d'Ivoire,11/06/2022,82467,799.0,
Cote d'Ivoire,12/06/2022,82487,799.0,
Cote d'Ivoire,13/06/2022,82492,799.0,
Cote d'Ivoire,14/06/2022,82492,799.0,
Cote d'Ivoire,15/06/2022,82580,800.0,
Cote d'Ivoire,16/06/2022,82614,800.0,
Cote d'Ivoire,17/06/2022,82659,801.0,
Cote d'Ivoire,18/06/2022,82659,801.0,
Cote d'Ivoire,19/06/2022,82724,802.0,
Cote d'Ivoire,20/06/2022,82743,802.0,
Cote d'Ivoire,21/06/2022,82805,802.0,
Cote d'Ivoire,22/06/2022,82842,804.0,
Cote d'Ivoire,23/06/2022,82905,804.0,
Cote d'Ivoire,24/06/2022,82953,804.0,
Cote d'Ivoire,25/06/2022,82999,805.0,
Cote d'Ivoire,26/06/2022,83049,805.0,
Cote d'Ivoire,27/06/2022,83049,805.0,
Cote d'Ivoire,28/06/2022,83049,805.0,
Cote d'Ivoire,29/06/2022,83309,805.0,
Cote d'Ivoire,30/06/2022,83463,805.0,
Cote d'Ivoire,01/07/2022,83571,805.0,
Cote d'Ivoire,02/07/2022,83637,805.0,
Cote d'Ivoire,03/07/2022,83659,805.0,14445720.0
Cote d'Ivoire,04/07/2022,83679,805.0,
Cote d'Ivoire,05/07/2022,83729,805.0,
Cote d'Ivoire,06/07/2022,83823,805.0,
Cote d'Ivoire,07/07/2022,83896,805.0,
Cote d'Ivoire,08/07/2022,83979,805.0,
Cote d'Ivoire,09/07/2022,84042,805.0,
Cote d'Ivoire,10/07/2022,84079,805.0,
Cote d'Ivoire,11/07/2022,84084,805.0,
Cote d'Ivoire,12/07/2022,84165,806.0,
Cote d'Ivoire,13/07/2022,84248,806.0,
Cote d'Ivoire,14/07/2022,84347,806.0,
Cote d'Ivoire,15/07/2022,84451,806.0,
Cote d'Ivoire,16/07/2022,84501,806.0,
Cote d'Ivoire,17/07/2022,84583,806.0,
Cote d'Ivoire,18/07/2022,84616,808.0,
Cote d'Ivoire,19/07/2022,84658,808.0,
Cote d'Ivoire,20/07/2022,84742,808.0,
Cote d'Ivoire,21/07/2022,84845,808.0,
Cote d'Ivoire,22/07/2022,84889,809.0,
Cote d'Ivoire,23/07/2022,84950,809.0,
Cote d'Ivoire,24/07/2022,84982,810.0,
Cote d'Ivoire,25/07/2022,84998,810.0,
Cote d'Ivoire,26/07/2022,85055,810.0,
Cote d'Ivoire,27/07/2022,85055,810.0,
Cote d'Ivoire,28/07/2022,85055,810.0,
Cote d'Ivoire,29/07/2022,85253,811.0,
Cote d'Ivoire,30/07/2022,85306,811.0,
Cote d'Ivoire,31/07/2022,85306,811.0,
Cote d'Ivoire,01/08/2022,85368,811.0,
Cote d'Ivoire,02/08/2022,85444,811.0,
Cote d'Ivoire,03/08/2022,85520,811.0,
Cote d'Ivoire,04/08/2022,85601,811.0,
Cote d'Ivoire,05/08/2022,85676,811.0,
Cote d'Ivoire,06/08/2022,85712,811.0,
Cote d'Ivoire,07/08/2022,85712,811.0,17411265.0
Cote d'Ivoire,08/08/2022,85780,811.0,
Cote d'Ivoire,09/08/2022,85794,811.0,
Cote d'Ivoire,10/08/2022,85879,813.0,
Cote d'Ivoire,11/08/2022,85966,815.0,
Cote d'Ivoire,12/08/2022,86029,815.0,
Cote d'Ivoire,13/08/2022,86092,815.0,
Cote d'Ivoire,14/08/2022,86151,815.0,
Cote d'Ivoire,15/08/2022,86183,817.0,
Cote d'Ivoire,16/08/2022,86209,817.0,
Cote d'Ivoire,17/08/2022,86256,817.0,
Cote d'Ivoire,18/08/2022,86301,817.0,
Cote d'Ivoire,19/08/2022,86372,817.0,
Cote d'Ivoire,20/08/2022,86440,817.0,
Cote d'Ivoire,21/08/2022,86440,817.0,18035554.0
Cote d'Ivoire,22/08/2022,86454,817.0,
Cote d'Ivoire,23/08/2022,86511,817.0,
Cote d'Ivoire,24/08/2022,86542,817.0,
Cote d'Ivoire,25/08/2022,86542,817.0,
Cote d'Ivoire,26/08/2022,86577,817.0,
Cote d'Ivoire,27/08/2022,86606,817.0,
Cote d'Ivoire,28/08/2022,86640,817.0,
Cote d'Ivoire,29/08/2022,86650,817.0,
Cote d'Ivoire,30/08/2022,86695,819.0,
Cote d'Ivoire,31/08/2022,86738,819.0,
Cote d'Ivoire,01/09/2022,86760,819.0,
Cote d'Ivoire,02/09/2022,86779,819.0,
Cote d'Ivoire,03/09/2022,86808,819.0,
Cote d'Ivoire,04/09/2022,86821,819.0,18304332.0
Cote d'Ivoire,05/09/2022,86824,819.0,
Cote d'Ivoire,06/09/2022,86840,820.0,
Cote d'Ivoire,07/09/2022,86870,820.0,
Cote d'Ivoire,08/09/2022,86885,821.0,
Cote d'Ivoire,09/09/2022,86885,821.0,
Cote d'Ivoire,10/09/2022,86919,822.0,
Cote d'Ivoire,11/09/2022,86919,822.0,
Cote d'Ivoire,12/09/2022,86941,822.0,
Cote d'Ivoire,13/09/2022,86941,822.0,
Cote d'Ivoire,14/09/2022,86941,822.0,
Cote d'Ivoire,15/09/2022,86990,822.0,
Cote d'Ivoire,16/09/2022,87009,822.0,
Cote d'Ivoire,17/09/2022,87009,822.0,
Cote d'Ivoire,18/09/2022,87031,822.0,
Cote d'Ivoire,19/09/2022,87036,822.0,
Cote d'Ivoire,20/09/2022,87073,823.0,
Cote d'Ivoire,21/09/2022,87081,823.0,
Cote d'Ivoire,22/09/2022,87094,823.0,
Cote d'Ivoire,23/09/2022,87123,823.0,
Cote d'Ivoire,24/09/2022,87129,823.0,
